path	url	section
sections/introduction.txt	https://www.ada.gov/law-and-regs/design-standards/2010-stds/#introduction	Introduction
sections/for-more-information.txt	https://www.ada.gov/law-and-regs/design-standards/2010-stds/#for-more-information	For More Information
sections/2010-standards-for-state-and-local-government-facilities-title-ii.txt	https://www.ada.gov/law-and-regs/design-standards/2010-stds/#2010-standards-for-state-and-local-government-facilities-title-ii	2010 STANDARDS FOR STATE AND LOCAL GOVERNMENT FACILITIES: TITLE II
sections/compliance-date-for-title-ii.txt	https://www.ada.gov/law-and-regs/design-standards/2010-stds/#compliance-date-for-title-ii	Compliance Date for Title II
sections/28-cfr-35151-new-construction-and-alterations.txt	https://www.ada.gov/law-and-regs/design-standards/2010-stds/#28-cfr-35151-new-construction-and-alterations	28 CFR 35.151 New construction and alterations
sections/appendix-to-35151c.txt	https://www.ada.gov/law-and-regs/design-standards/2010-stds/#appendix-to-35151c	Appendix to 35.151(c)
sections/2010-standards-for-public-accommodations-and-commercial-facilities-title-iii.txt	https://www.ada.gov/law-and-regs/design-standards/2010-stds/#2010-standards-for-public-accommodations-and-commercial-facilities-title-iii	2010 STANDARDS FOR PUBLIC ACCOMMODATIONS AND COMMERCIAL FACILITIES: TITLE III
sections/compliance-date-for-title-iii.txt	https://www.ada.gov/law-and-regs/design-standards/2010-stds/#compliance-date-for-title-iii	Compliance Date for Title III
sections/28-cfr-part-36-subpart-d--new-construction-and-alterations.txt	https://www.ada.gov/law-and-regs/design-standards/2010-stds/#28-cfr-part-36-subpart-d--new-construction-and-alterations	28 CFR part 36, subpart D – New Construction and Alterations
sections/36401-new-construction.txt	https://www.ada.gov/law-and-regs/design-standards/2010-stds/#36401-new-construction	§36.401 New construction
sections/36402-alterations.txt	https://www.ada.gov/law-and-regs/design-standards/2010-stds/#36402-alterations	§36.402 Alterations
sections/36403-alterations-path-of-travel.txt	https://www.ada.gov/law-and-regs/design-standards/2010-stds/#36403-alterations-path-of-travel	§36.403 Alterations: Path of travel
sections/36404-alterations-elevator-exemption.txt	https://www.ada.gov/law-and-regs/design-standards/2010-stds/#36404-alterations-elevator-exemption	§36.404 Alterations: Elevator exemption
sections/36405-alterations-historic-preservation.txt	https://www.ada.gov/law-and-regs/design-standards/2010-stds/#36405-alterations-historic-preservation	§36.405 Alterations: Historic preservation
sections/36406-standards-for-new-construction-and-alterations.txt	https://www.ada.gov/law-and-regs/design-standards/2010-stds/#36406-standards-for-new-construction-and-alterations	§36.406 Standards for new construction and alterations
sections/appendix-to-36406a.txt	https://www.ada.gov/law-and-regs/design-standards/2010-stds/#appendix-to-36406a	Appendix to 36.406(a)
sections/36407--36499-reserved.txt	https://www.ada.gov/law-and-regs/design-standards/2010-stds/#36407--36499-reserved	§36.407 – 36.499 [Reserved]
sections/-2010-standards-for-titles-ii-and-iii-facilities-2004-adaag.txt	https://www.ada.gov/law-and-regs/design-standards/2010-stds/#-2010-standards-for-titles-ii-and-iii-facilities-2004-adaag	2010 STANDARDS FOR TITLES II AND III FACILITIES: 2004 ADAAG
sections/chapter-1-application-and-administration.txt	https://www.ada.gov/law-and-regs/design-standards/2010-stds/#chapter-1-application-and-administration	CHAPTER 1: APPLICATION AND ADMINISTRATION
sections/101-purpose.txt	https://www.ada.gov/law-and-regs/design-standards/2010-stds/#101-purpose	101 Purpose
sections/102-dimensions-for-adults-and-children.txt	https://www.ada.gov/law-and-regs/design-standards/2010-stds/#102-dimensions-for-adults-and-children	102 Dimensions for Adults and Children
sections/103-equivalent-facilitation.txt	https://www.ada.gov/law-and-regs/design-standards/2010-stds/#103-equivalent-facilitation	103 Equivalent Facilitation
sections/104-conventions.txt	https://www.ada.gov/law-and-regs/design-standards/2010-stds/#104-conventions	104 Conventions
sections/105-referenced-standards.txt	https://www.ada.gov/law-and-regs/design-standards/2010-stds/#105-referenced-standards	105 Referenced Standards
sections/106-definitions.txt	https://www.ada.gov/law-and-regs/design-standards/2010-stds/#106-definitions	106 Definitions
sections/chapter-2-scoping-requirements.txt	https://www.ada.gov/law-and-regs/design-standards/2010-stds/#chapter-2-scoping-requirements	CHAPTER 2: SCOPING REQUIREMENTS
sections/201-application.txt	https://www.ada.gov/law-and-regs/design-standards/2010-stds/#201-application	201 Application
sections/202-existing-buildings-and-facilities.txt	https://www.ada.gov/law-and-regs/design-standards/2010-stds/#202-existing-buildings-and-facilities	202 Existing Buildings and Facilities
sections/203-general-exceptions.txt	https://www.ada.gov/law-and-regs/design-standards/2010-stds/#203-general-exceptions	203 General Exceptions
sections/204-protruding-objects.txt	https://www.ada.gov/law-and-regs/design-standards/2010-stds/#204-protruding-objects	204 Protruding Objects
sections/205-operable-parts.txt	https://www.ada.gov/law-and-regs/design-standards/2010-stds/#205-operable-parts	205 Operable Parts
sections/206-accessible-routes.txt	https://www.ada.gov/law-and-regs/design-standards/2010-stds/#206-accessible-routes	206 Accessible Routes
sections/207-accessible-means-of-egress.txt	https://www.ada.gov/law-and-regs/design-standards/2010-stds/#207-accessible-means-of-egress	207 Accessible Means of Egress
sections/208-parking-spaces.txt	https://www.ada.gov/law-and-regs/design-standards/2010-stds/#208-parking-spaces	208 Parking Spaces
sections/209-passenger-loading-zones-and-bus-stops.txt	https://www.ada.gov/law-and-regs/design-standards/2010-stds/#209-passenger-loading-zones-and-bus-stops	209 Passenger Loading Zones and Bus Stops
sections/210-stairways.txt	https://www.ada.gov/law-and-regs/design-standards/2010-stds/#210-stairways	210 Stairways
sections/211-drinking-fountains.txt	https://www.ada.gov/law-and-regs/design-standards/2010-stds/#211-drinking-fountains	211 Drinking Fountains
sections/212-kitchens-kitchenettes-and-sinks.txt	https://www.ada.gov/law-and-regs/design-standards/2010-stds/#212-kitchens-kitchenettes-and-sinks	212 Kitchens, Kitchenettes, and Sinks
sections/213-toilet-facilities-and-bathing-facilities.txt	https://www.ada.gov/law-and-regs/design-standards/2010-stds/#213-toilet-facilities-and-bathing-facilities	213 Toilet Facilities and Bathing Facilities
sections/214-washing-machines-and-clothes-dryers.txt	https://www.ada.gov/law-and-regs/design-standards/2010-stds/#214-washing-machines-and-clothes-dryers	214 Washing Machines and Clothes Dryers
sections/215-fire-alarm-systems.txt	https://www.ada.gov/law-and-regs/design-standards/2010-stds/#215-fire-alarm-systems	215 Fire Alarm Systems
sections/216-signs.txt	https://www.ada.gov/law-and-regs/design-standards/2010-stds/#216-signs	216 Signs
sections/217-telephones.txt	https://www.ada.gov/law-and-regs/design-standards/2010-stds/#217-telephones	217 Telephones
sections/218-transportation-facilities.txt	https://www.ada.gov/law-and-regs/design-standards/2010-stds/#218-transportation-facilities	218 Transportation Facilities
sections/219-assistive-listening-systems.txt	https://www.ada.gov/law-and-regs/design-standards/2010-stds/#219-assistive-listening-systems	219 Assistive Listening Systems
sections/220-automatic-teller-machines-and-fare-machines.txt	https://www.ada.gov/law-and-regs/design-standards/2010-stds/#220-automatic-teller-machines-and-fare-machines	220 Automatic Teller Machines and Fare Machines
sections/221-assembly-areas.txt	https://www.ada.gov/law-and-regs/design-standards/2010-stds/#221-assembly-areas	221 Assembly Areas
sections/222-dressing-fitting-and-locker-rooms.txt	https://www.ada.gov/law-and-regs/design-standards/2010-stds/#222-dressing-fitting-and-locker-rooms	222 Dressing, Fitting, and Locker Rooms
sections/223-medical-care-and-long-term-care-facilities.txt	https://www.ada.gov/law-and-regs/design-standards/2010-stds/#223-medical-care-and-long-term-care-facilities	223 Medical Care and Long-Term Care Facilities
sections/224-transient-lodging-guest-rooms.txt	https://www.ada.gov/law-and-regs/design-standards/2010-stds/#224-transient-lodging-guest-rooms	224 Transient Lodging Guest Rooms
sections/225-storage.txt	https://www.ada.gov/law-and-regs/design-standards/2010-stds/#225-storage	225 Storage
sections/226-dining-surfaces-and-work-surfaces.txt	https://www.ada.gov/law-and-regs/design-standards/2010-stds/#226-dining-surfaces-and-work-surfaces	226 Dining Surfaces and Work Surfaces
sections/227-sales-and-service.txt	https://www.ada.gov/law-and-regs/design-standards/2010-stds/#227-sales-and-service	227 Sales and Service
sections/228-depositories-vending-machines-change-machines-mail-boxes-and-fuel-dispensers.txt	https://www.ada.gov/law-and-regs/design-standards/2010-stds/#228-depositories-vending-machines-change-machines-mail-boxes-and-fuel-dispensers	228 Depositories, Vending Machines, Change Machines, Mail Boxes, and Fuel Dispensers
sections/229-windows.txt	https://www.ada.gov/law-and-regs/design-standards/2010-stds/#229-windows	229 Windows
sections/230-two-way-communication-systems.txt	https://www.ada.gov/law-and-regs/design-standards/2010-stds/#230-two-way-communication-systems	230 Two-Way Communication Systems
sections/231-judicial-facilities.txt	https://www.ada.gov/law-and-regs/design-standards/2010-stds/#231-judicial-facilities	231 Judicial Facilities
sections/232-detention-facilities-and-correctional-facilities.txt	https://www.ada.gov/law-and-regs/design-standards/2010-stds/#232-detention-facilities-and-correctional-facilities	232 Detention Facilities and Correctional Facilities
sections/233-residential-facilities.txt	https://www.ada.gov/law-and-regs/design-standards/2010-stds/#233-residential-facilities	233 Residential Facilities
sections/234-amusement-rides.txt	https://www.ada.gov/law-and-regs/design-standards/2010-stds/#234-amusement-rides	234 Amusement Rides
sections/235-recreational-boating-facilities.txt	https://www.ada.gov/law-and-regs/design-standards/2010-stds/#235-recreational-boating-facilities	235 Recreational Boating Facilities
sections/236-exercise-machines-and-equipment.txt	https://www.ada.gov/law-and-regs/design-standards/2010-stds/#236-exercise-machines-and-equipment	236 Exercise Machines and Equipment
sections/237-fishing-piers-and-platforms.txt	https://www.ada.gov/law-and-regs/design-standards/2010-stds/#237-fishing-piers-and-platforms	237 Fishing Piers and Platforms
sections/238-golf-facilities.txt	https://www.ada.gov/law-and-regs/design-standards/2010-stds/#238-golf-facilities	238 Golf Facilities
sections/239-miniature-golf-facilities.txt	https://www.ada.gov/law-and-regs/design-standards/2010-stds/#239-miniature-golf-facilities	239 Miniature Golf Facilities
sections/240-play-areas.txt	https://www.ada.gov/law-and-regs/design-standards/2010-stds/#240-play-areas	240 Play Areas
sections/241-saunas-and-steam-rooms.txt	https://www.ada.gov/law-and-regs/design-standards/2010-stds/#241-saunas-and-steam-rooms	241 Saunas and Steam Rooms
sections/242-swimming-pools-wading-pools-and-spas.txt	https://www.ada.gov/law-and-regs/design-standards/2010-stds/#242-swimming-pools-wading-pools-and-spas	242 Swimming Pools, Wading Pools, and Spas
sections/243-shooting-facilities-with-firing-positions.txt	https://www.ada.gov/law-and-regs/design-standards/2010-stds/#243-shooting-facilities-with-firing-positions	243 Shooting Facilities with Firing Positions
sections/chapter-3-building-blocks.txt	https://www.ada.gov/law-and-regs/design-standards/2010-stds/#chapter-3-building-blocks	CHAPTER 3: BUILDING BLOCKS
sections/301-general.txt	https://www.ada.gov/law-and-regs/design-standards/2010-stds/#301-general	301 General
sections/302-floor-or-ground-surfaces.txt	https://www.ada.gov/law-and-regs/design-standards/2010-stds/#302-floor-or-ground-surfaces	302 Floor or Ground Surfaces
sections/303-changes-in-level.txt	https://www.ada.gov/law-and-regs/design-standards/2010-stds/#303-changes-in-level	303 Changes in Level
sections/304-turning-space.txt	https://www.ada.gov/law-and-regs/design-standards/2010-stds/#304-turning-space	304 Turning Space
sections/305-clear-floor-or-ground-space.txt	https://www.ada.gov/law-and-regs/design-standards/2010-stds/#305-clear-floor-or-ground-space	305 Clear Floor or Ground Space
sections/306-knee-and-toe-clearance.txt	https://www.ada.gov/law-and-regs/design-standards/2010-stds/#306-knee-and-toe-clearance	306 Knee and Toe Clearance
sections/307-protruding-objects.txt	https://www.ada.gov/law-and-regs/design-standards/2010-stds/#307-protruding-objects	307 Protruding Objects
sections/308-reach-ranges.txt	https://www.ada.gov/law-and-regs/design-standards/2010-stds/#308-reach-ranges	308 Reach Ranges
sections/309-operable-parts.txt	https://www.ada.gov/law-and-regs/design-standards/2010-stds/#309-operable-parts	309 Operable Parts
sections/chapter-4-accessible-routes.txt	https://www.ada.gov/law-and-regs/design-standards/2010-stds/#chapter-4-accessible-routes	CHAPTER 4: ACCESSIBLE ROUTES
sections/401-general.txt	https://www.ada.gov/law-and-regs/design-standards/2010-stds/#401-general	401 General
sections/402-accessible--routes.txt	https://www.ada.gov/law-and-regs/design-standards/2010-stds/#402-accessible--routes	402 Accessible Routes
sections/403-walking-surfaces.txt	https://www.ada.gov/law-and-regs/design-standards/2010-stds/#403-walking-surfaces	403 Walking Surfaces
sections/404-doors-doorways-and-gates.txt	https://www.ada.gov/law-and-regs/design-standards/2010-stds/#404-doors-doorways-and-gates	404 Doors, Doorways, and Gates
sections/405-ramps.txt	https://www.ada.gov/law-and-regs/design-standards/2010-stds/#405-ramps	405 Ramps
sections/406-curb-ramps.txt	https://www.ada.gov/law-and-regs/design-standards/2010-stds/#406-curb-ramps	406 Curb Ramps
sections/407-elevators.txt	https://www.ada.gov/law-and-regs/design-standards/2010-stds/#407-elevators	407 Elevators
sections/408-limited-uselimited-application-elevators.txt	https://www.ada.gov/law-and-regs/design-standards/2010-stds/#408-limited-uselimited-application-elevators	408 Limited-Use/Limited-Application Elevators
sections/409-private-residence-elevators.txt	https://www.ada.gov/law-and-regs/design-standards/2010-stds/#409-private-residence-elevators	409 Private Residence Elevators
sections/410-platform-lifts.txt	https://www.ada.gov/law-and-regs/design-standards/2010-stds/#410-platform-lifts	410 Platform Lifts
sections/chapter-5-general-site-and-building-elements.txt	https://www.ada.gov/law-and-regs/design-standards/2010-stds/#chapter-5-general-site-and-building-elements	CHAPTER 5: GENERAL SITE AND BUILDING ELEMENTS
sections/501-general.txt	https://www.ada.gov/law-and-regs/design-standards/2010-stds/#501-general	501 General
sections/502-parking-spaces.txt	https://www.ada.gov/law-and-regs/design-standards/2010-stds/#502-parking-spaces	502 Parking Spaces
sections/503-passenger-loading-zones.txt	https://www.ada.gov/law-and-regs/design-standards/2010-stds/#503-passenger-loading-zones	503 Passenger Loading Zones
sections/504-stairways.txt	https://www.ada.gov/law-and-regs/design-standards/2010-stds/#504-stairways	504 Stairways
sections/505-handrails.txt	https://www.ada.gov/law-and-regs/design-standards/2010-stds/#505-handrails	505 Handrails
sections/chapter-6-plumbing-elements-and-facilities.txt	https://www.ada.gov/law-and-regs/design-standards/2010-stds/#chapter-6-plumbing-elements-and-facilities	CHAPTER 6: PLUMBING ELEMENTS AND FACILITIES
sections/601-general.txt	https://www.ada.gov/law-and-regs/design-standards/2010-stds/#601-general	601 General
sections/602-drinking-fountains.txt	https://www.ada.gov/law-and-regs/design-standards/2010-stds/#602-drinking-fountains	602 Drinking Fountains
sections/603-toilet-and-bathing-rooms.txt	https://www.ada.gov/law-and-regs/design-standards/2010-stds/#603-toilet-and-bathing-rooms	603 Toilet and Bathing Rooms
sections/604-water-closets-and-toilet-compartments.txt	https://www.ada.gov/law-and-regs/design-standards/2010-stds/#604-water-closets-and-toilet-compartments	604 Water Closets and Toilet Compartments
sections/605-urinals.txt	https://www.ada.gov/law-and-regs/design-standards/2010-stds/#605-urinals	605 Urinals
sections/606-lavatories-and-sinks.txt	https://www.ada.gov/law-and-regs/design-standards/2010-stds/#606-lavatories-and-sinks	606 Lavatories and Sinks
sections/607-bathtubs.txt	https://www.ada.gov/law-and-regs/design-standards/2010-stds/#607-bathtubs	607 Bathtubs
sections/608-shower-compartments.txt	https://www.ada.gov/law-and-regs/design-standards/2010-stds/#608-shower-compartments	608 Shower Compartments
sections/609-grab-bars.txt	https://www.ada.gov/law-and-regs/design-standards/2010-stds/#609-grab-bars	609 Grab Bars
sections/610-seats.txt	https://www.ada.gov/law-and-regs/design-standards/2010-stds/#610-seats	610 Seats
sections/611-washing-machines-and-clothes-dryers.txt	https://www.ada.gov/law-and-regs/design-standards/2010-stds/#611-washing-machines-and-clothes-dryers	611 Washing Machines and Clothes Dryers
sections/612-saunas-and-steam-rooms.txt	https://www.ada.gov/law-and-regs/design-standards/2010-stds/#612-saunas-and-steam-rooms	612 Saunas and Steam Rooms
sections/chapter-7-communication-elements-and-features.txt	https://www.ada.gov/law-and-regs/design-standards/2010-stds/#chapter-7-communication-elements-and-features	CHAPTER 7: COMMUNICATION ELEMENTS AND FEATURES
sections/701-general.txt	https://www.ada.gov/law-and-regs/design-standards/2010-stds/#701-general	701 General
sections/702-fire-alarm-systems.txt	https://www.ada.gov/law-and-regs/design-standards/2010-stds/#702-fire-alarm-systems	702 Fire Alarm Systems
sections/703-signs.txt	https://www.ada.gov/law-and-regs/design-standards/2010-stds/#703-signs	703 Signs
sections/704-telephones.txt	https://www.ada.gov/law-and-regs/design-standards/2010-stds/#704-telephones	704 Telephones
sections/705-detectable-warnings.txt	https://www.ada.gov/law-and-regs/design-standards/2010-stds/#705-detectable-warnings	705 Detectable Warnings
sections/706-assistive-listening-systems.txt	https://www.ada.gov/law-and-regs/design-standards/2010-stds/#706-assistive-listening-systems	706 Assistive Listening Systems
sections/707-automatic-teller-machines-and-fare-machines.txt	https://www.ada.gov/law-and-regs/design-standards/2010-stds/#707-automatic-teller-machines-and-fare-machines	707 Automatic Teller Machines and Fare Machines
sections/708-two-way-communication-systems.txt	https://www.ada.gov/law-and-regs/design-standards/2010-stds/#708-two-way-communication-systems	708 Two-Way Communication Systems
sections/chapter-8-special-rooms-spaces-and-elements.txt	https://www.ada.gov/law-and-regs/design-standards/2010-stds/#chapter-8-special-rooms-spaces-and-elements	CHAPTER 8: SPECIAL ROOMS, SPACES AND ELEMENTS
sections/801-general.txt	https://www.ada.gov/law-and-regs/design-standards/2010-stds/#801-general	801 General
sections/802-wheelchair-spaces-companion-seats-and-designated-aisle-seats.txt	https://www.ada.gov/law-and-regs/design-standards/2010-stds/#802-wheelchair-spaces-companion-seats-and-designated-aisle-seats	802 Wheelchair Spaces, Companion Seats, and Designated Aisle Seats
sections/803-dressing-fitting-and-locker-rooms.txt	https://www.ada.gov/law-and-regs/design-standards/2010-stds/#803-dressing-fitting-and-locker-rooms	803 Dressing, Fitting, and Locker Rooms
sections/804-kitchens-and-kitchenettes.txt	https://www.ada.gov/law-and-regs/design-standards/2010-stds/#804-kitchens-and-kitchenettes	804 Kitchens and Kitchenettes
sections/805-medical-care-and-long-term-care-facilities.txt	https://www.ada.gov/law-and-regs/design-standards/2010-stds/#805-medical-care-and-long-term-care-facilities	805 Medical Care and Long-Term Care Facilities
sections/806-transient-lodging-guest-rooms.txt	https://www.ada.gov/law-and-regs/design-standards/2010-stds/#806-transient-lodging-guest-rooms	806 Transient Lodging Guest Rooms
sections/807-holding-cells-and-housing-cells.txt	https://www.ada.gov/law-and-regs/design-standards/2010-stds/#807-holding-cells-and-housing-cells	807 Holding Cells and Housing Cells
sections/808-courtrooms.txt	https://www.ada.gov/law-and-regs/design-standards/2010-stds/#808-courtrooms	808 Courtrooms
sections/809-residential-dwelling-units.txt	https://www.ada.gov/law-and-regs/design-standards/2010-stds/#809-residential-dwelling-units	809 Residential Dwelling Units
sections/810-transportation-facilities.txt	https://www.ada.gov/law-and-regs/design-standards/2010-stds/#810-transportation-facilities	810 Transportation Facilities
sections/811-storage.txt	https://www.ada.gov/law-and-regs/design-standards/2010-stds/#811-storage	811 Storage
sections/chapter-9-built-in-elements.txt	https://www.ada.gov/law-and-regs/design-standards/2010-stds/#chapter-9-built-in-elements	CHAPTER 9: BUILT-IN ELEMENTS
sections/901-general.txt	https://www.ada.gov/law-and-regs/design-standards/2010-stds/#901-general	901 General
sections/902-dining-surfaces-and-work-surfaces.txt	https://www.ada.gov/law-and-regs/design-standards/2010-stds/#902-dining-surfaces-and-work-surfaces	902 Dining Surfaces and Work Surfaces
sections/903-benches.txt	https://www.ada.gov/law-and-regs/design-standards/2010-stds/#903-benches	903 Benches
sections/904-check-out-aisles-and-sales-and-service-counters.txt	https://www.ada.gov/law-and-regs/design-standards/2010-stds/#904-check-out-aisles-and-sales-and-service-counters	904 Check-Out Aisles and Sales and Service Counters
sections/chapter-10-recreation-facilities.txt	https://www.ada.gov/law-and-regs/design-standards/2010-stds/#chapter-10-recreation-facilities	CHAPTER 10: RECREATION FACILITIES
sections/1001-general.txt	https://www.ada.gov/law-and-regs/design-standards/2010-stds/#1001-general	1001 General
sections/1002-amusement-rides.txt	https://www.ada.gov/law-and-regs/design-standards/2010-stds/#1002-amusement-rides	1002 Amusement Rides
sections/1003-recreational-boating-facilities.txt	https://www.ada.gov/law-and-regs/design-standards/2010-stds/#1003-recreational-boating-facilities	1003 Recreational Boating Facilities
sections/1005-fishing-piers-and-platforms.txt	https://www.ada.gov/law-and-regs/design-standards/2010-stds/#1005-fishing-piers-and-platforms	1005 Fishing Piers and Platforms
sections/1006-golf-facilities.txt	https://www.ada.gov/law-and-regs/design-standards/2010-stds/#1006-golf-facilities	1006 Golf Facilities
sections/1007-miniature-golf-facilities.txt	https://www.ada.gov/law-and-regs/design-standards/2010-stds/#1007-miniature-golf-facilities	1007 Miniature Golf Facilities
sections/1008-play-areas.txt	https://www.ada.gov/law-and-regs/design-standards/2010-stds/#1008-play-areas	1008 Play Areas
sections/1009-swimming-pools-wading-pools-and-spas.txt	https://www.ada.gov/law-and-regs/design-standards/2010-stds/#1009-swimming-pools-wading-pools-and-spas	1009 Swimming Pools, Wading Pools, and Spas
sections/1010-shooting-facilities-with-firing-positions.txt	https://www.ada.gov/law-and-regs/design-standards/2010-stds/#1010-shooting-facilities-with-firing-positions	1010 Shooting Facilities with Firing Positions
